{"cameraMode":{"drawMode":0,"name":"Shaded","section":"Shading Mode"},"sceneLighting":true,"audioPlay":false,"sceneViewState":{"showFog":true,"showMaterialUpdate":false,"showSkybox":true,"showFlares":true,"showImageEffects":true,"showParticleSystems":true},"in2DMode":false,"pivot":{"x":49.15143585205078,"y":23.75595474243164,"z":140.38711547851563},"rotation":{"x":0.02852078340947628,"y":-0.968271791934967,"z":0.21093934774398805,"w":0.1309232860803604},"size":2.2566888332366945,"orthographic":true}