{"cameraMode":{"drawMode":0,"name":"Shaded","section":"Shading Mode"},"sceneLighting":true,"audioPlay":false,"sceneViewState":{"showFog":true,"showMaterialUpdate":false,"showSkybox":true,"showFlares":true,"showImageEffects":true,"showParticleSystems":true},"in2DMode":false,"pivot":{"x":14.080405235290528,"y":28.639934539794923,"z":54.89748764038086},"rotation":{"x":-0.23301631212234498,"y":-0.6606696844100952,"z":0.22762539982795716,"w":-0.6763178110122681},"size":24.353790283203126,"orthographic":true}