{"cameraMode":{"drawMode":0,"name":"Shaded","section":"Shading Mode"},"sceneLighting":true,"audioPlay":false,"sceneViewState":{"showFog":true,"showMaterialUpdate":false,"showSkybox":true,"showFlares":true,"showImageEffects":true,"showParticleSystems":true},"in2DMode":false,"pivot":{"x":49.150001525878909,"y":20.790000915527345,"z":140.4199981689453},"rotation":{"x":-0.16847409307956696,"y":0.11240557581186295,"z":-0.01930815912783146,"w":-0.9790856838226318},"size":9.604690551757813,"orthographic":true}