{"cameraMode":{"drawMode":0,"name":"Shaded","section":"Shading Mode"},"sceneLighting":false,"audioPlay":false,"sceneViewState":{"showFog":true,"showMaterialUpdate":false,"showSkybox":false,"showFlares":true,"showImageEffects":true,"showParticleSystems":true},"in2DMode":false,"pivot":{"x":45.001190185546878,"y":21.880619049072267,"z":111.99955749511719},"rotation":{"x":-0.16847409307956696,"y":0.11240557581186295,"z":-0.01930815912783146,"w":-0.9790856838226318},"size":4.950683116912842,"orthographic":true}