{"cameraMode":{"drawMode":0,"name":"Shaded","section":"Shading Mode"},"sceneLighting":false,"audioPlay":false,"sceneViewState":{"showFog":true,"showMaterialUpdate":false,"showSkybox":false,"showFlares":true,"showImageEffects":true,"showParticleSystems":true},"in2DMode":false,"pivot":{"x":45.001434326171878,"y":21.883955001831056,"z":111.96711730957031},"rotation":{"x":0.1217116042971611,"y":0.03690248355269432,"z":-0.004561890382319689,"w":0.9918688535690308},"size":5.412610054016113,"orthographic":true}