{"cameraMode":{"drawMode":0,"name":"Shaded","section":"Shading Mode"},"sceneLighting":true,"audioPlay":false,"sceneViewState":{"showFog":true,"showMaterialUpdate":false,"showSkybox":true,"showFlares":true,"showImageEffects":true,"showParticleSystems":true},"in2DMode":false,"pivot":{"x":44.91024398803711,"y":23.34905242919922,"z":109.26553344726563},"rotation":{"x":0.17032387852668763,"y":0.03988838195800781,"z":-0.0069268206134438519,"w":0.9845561385154724},"size":4.538417339324951,"orthographic":true}