{"cameraMode":{"drawMode":0,"name":"Shaded","section":"Shading Mode"},"sceneLighting":false,"audioPlay":false,"sceneViewState":{"showFog":true,"showMaterialUpdate":false,"showSkybox":false,"showFlares":true,"showImageEffects":true,"showParticleSystems":true},"in2DMode":false,"pivot":{"x":45.001190185546878,"y":21.880619049072267,"z":111.99955749511719},"rotation":{"x":0.1217116042971611,"y":0.03690248355269432,"z":-0.004561890382319689,"w":0.9918688535690308},"size":4.950683116912842,"orthographic":true}