{"cameraMode":{"drawMode":0,"name":"Shaded","section":"Shading Mode"},"sceneLighting":false,"audioPlay":false,"sceneViewState":{"showFog":true,"showMaterialUpdate":false,"showSkybox":false,"showFlares":true,"showImageEffects":true,"showParticleSystems":true},"in2DMode":false,"pivot":{"x":44.6866455078125,"y":21.45240592956543,"z":130.51319885253907},"rotation":{"x":0.02852078340947628,"y":-0.968271791934967,"z":0.21093934774398805,"w":0.1309232860803604},"size":3.8060436248779299,"orthographic":true}