{"cameraMode":{"drawMode":0,"name":"Shaded","section":"Shading Mode"},"sceneLighting":false,"audioPlay":false,"sceneViewState":{"showFog":true,"showMaterialUpdate":false,"showSkybox":false,"showFlares":true,"showImageEffects":true,"showParticleSystems":true},"in2DMode":false,"pivot":{"x":50.64118957519531,"y":22.270618438720704,"z":132.799560546875},"rotation":{"x":-0.18360832333564759,"y":-0.7365536093711853,"z":0.22084030508995057,"w":-0.6123777031898499},"size":4.950690269470215,"orthographic":true}