{"cameraMode":{"drawMode":0,"name":"Shaded","section":"Shading Mode"},"sceneLighting":true,"audioPlay":false,"sceneViewState":{"showFog":true,"showMaterialUpdate":false,"showSkybox":true,"showFlares":true,"showImageEffects":true,"showParticleSystems":true},"in2DMode":false,"pivot":{"x":45.001190185546878,"y":21.880619049072267,"z":111.99955749511719},"rotation":{"x":0.06666029244661331,"y":-0.9255861043930054,"z":0.19379454851150514,"w":0.31826186180114748},"size":2.528735637664795,"orthographic":true}